dataset,model,method,accuracy_mean,accuracy_std,accuracy_fmt,auc_mean,auc_std,auc_fmt,mia_gap_mean,mia_gap_std,mia_gap_fmt,time_sec_mean,time_sec_std,time_sec_fmt,speedup_mean,speedup_std,speedup_fmt,acc_drop_mean,acc_drop_std,acc_drop_fmt
ARMD,RF,Full Retrain,0.8494583333333333,0.00038423806277994874,0.8495 ± 0.0004,0.8195582447896412,0.0007044838275104869,0.8196 ± 0.0007,0.0019240672069870668,6.858901774595713e-05,0.002 ± 0.000,0.9909096558888754,0.03614035986325401,0.991 ± 0.036,1.0,0.0,1.000 ± 0.000,0.0,0.0,0.0000 ± 0.0000
ARMD,RF,Influence Reweighting,0.8495583333333334,0.0003255337497437266,0.8496 ± 0.0003,0.8189106659483674,0.00043782666224271297,0.8189 ± 0.0004,0.0020371583078578667,4.209034017563532e-05,0.002 ± 0.000,0.991776704788208,0.03896101250445742,0.992 ± 0.039,1.0020117061493659,0.07454482300465981,1.002 ± 0.075,-0.00010000000000001575,9.35414346693443e-05,-0.0001 ± 0.0001
ARMD,RF,Label-Flip Retraining,0.8493916666666667,0.0005092205372483848,0.8494 ± 0.0005,0.819107286224531,0.0004651270164630773,0.8191 ± 0.0005,0.0008616359566693668,5.9903690978901056e-05,0.001 ± 0.000,0.9829651514689127,0.019200899768012713,0.983 ± 0.019,1.0087925936163273,0.049321448368703134,1.009 ± 0.049,6.6666666666637e-05,0.00016996731711971016,0.0001 ± 0.0002
ARMD,RF,SISA,0.8474749999999999,0.0004077376607574982,0.8475 ± 0.0004,0.8160100432677142,0.0007193668528564002,0.8160 ± 0.0007,0.0022778984026500665,0.0001079566510298078,0.002 ± 0.000,0.1741356054941813,0.010812519005593709,0.174 ± 0.011,5.69983291697001,0.1513041793353606,5.700 ± 0.151,0.0019833333333332663,0.0006868810344998336,0.0020 ± 0.0007
ARMD,RF,Tree Pruning,0.8489583333333334,0.00044032816045410023,0.8490 ± 0.0004,0.8177722015603122,0.0012088375753858188,0.8178 ± 0.0012,0.0019209950138820335,0.0003233045816795504,0.002 ± 0.000,0.056114912033081,0.0057338658612747315,0.056 ± 0.006,17.80777901723143,1.5733936953639382,17.808 ± 1.573,0.0005,0.00010606601717798212,0.0005 ± 0.0001
ARMD,XGB,Full Retrain,0.8628,0.0,0.8628 ± 0.0000,0.8481008947679564,0.0,0.8481 ± 0.0000,0.0037978887557983,0.0,0.004 ± 0.000,0.4060904184977214,0.06046441265994162,0.406 ± 0.060,1.0,0.0,1.000 ± 0.000,0.0,0.0,0.0000 ± 0.0000
ARMD,XGB,Influence Reweighting,0.8628,0.0,0.8628 ± 0.0000,0.8481008947679564,0.0,0.8481 ± 0.0000,0.0037978887557983,0.0,0.004 ± 0.000,0.40341822306315106,0.0325318076547093,0.403 ± 0.033,1.0021694308923463,0.07681595424967223,1.002 ± 0.077,0.0,0.0,0.0000 ± 0.0000
ARMD,XGB,Label-Flip Retraining,0.8628,0.0,0.8628 ± 0.0000,0.8494120812733733,1.1102230246251565e-16,0.8494 ± 0.0000,0.0025685280561447,1.2166747171586908e-08,0.003 ± 0.000,0.3881203333536784,0.020292326656504642,0.388 ± 0.020,1.0411854170847386,0.09832247852794218,1.041 ± 0.098,0.0,0.0,0.0000 ± 0.0000
ARMD,XGB,SISA,0.861475,0.0,0.8615 ± 0.0000,0.8465388591312223,0.0,0.8465 ± 0.0000,0.0036657452583312,0.0,0.004 ± 0.000,0.13114500045776364,0.012579268336928172,0.131 ± 0.013,3.0824644273587016,0.16980077528063345,3.082 ± 0.170,0.001325,0.0,0.0013 ± 0.0000
PATRIC,RF,Full Retrain,0.6788121454788122,0.0016267900296937803,0.6788 ± 0.0016,0.7735484311137965,0.0006964043237325029,0.7735 ± 0.0007,0.0033369367361657663,0.004203482353444882,0.003 ± 0.004,1.9281317392985022,0.043661082131984594,1.928 ± 0.044,1.0,0.0,1.000 ± 0.000,0.0,0.0,0.0000 ± 0.0000
PATRIC,RF,Influence Reweighting,0.6785518852185519,0.001426448865843512,0.6786 ± 0.0014,0.773273315223799,0.0006116987302986535,0.7733 ± 0.0006,0.003392112556229,0.004123067309095391,0.003 ± 0.004,1.8583465417226155,0.015160764628287844,1.858 ± 0.015,1.037509949569487,0.019773169306056264,1.038 ± 0.020,0.0002602602602601992,0.00020036696424424047,0.0003 ± 0.0002
PATRIC,RF,Label-Flip Retraining,0.6784984984984984,0.0012556080305977054,0.6785 ± 0.0013,0.7734216729241755,0.0013973517067594986,0.7734 ± 0.0014,0.0033457656097226882,0.0044714259643218604,0.003 ± 0.004,1.9092605113983154,0.018009362896489894,1.909 ± 0.018,1.0098679404432014,0.019840530979690806,1.010 ± 0.020,0.00031364698031363333,0.0004034198242325193,0.0003 ± 0.0004
PATRIC,RF,SISA,0.6861828495161828,0.0015599851161021592,0.6862 ± 0.0016,0.7735771288806323,0.0010582796931105328,0.7736 ± 0.0011,0.0037455864504768,0.004212990996958268,0.004 ± 0.004,0.24925692876180014,0.017653021568428646,0.249 ± 0.018,7.762893665818223,0.39964883888752856,7.763 ± 0.400,-0.007370704037370633,0.0009204976952279858,-0.0074 ± 0.0009
PATRIC,RF,Tree Pruning,0.6774407741074407,0.0010764161557522969,0.6774 ± 0.0011,0.7710832787408698,0.00045402157884557085,0.7711 ± 0.0005,0.0030609572834777326,0.00402640542019128,0.003 ± 0.004,0.008618831634521434,0.0005143641268844458,0.009 ± 0.001,224.61876284156517,15.756437490224766,224.619 ± 15.756,0.0013713713713713333,0.0007651385202301435,0.0014 ± 0.0008
PATRIC,XGB,Full Retrain,0.6935301968635302,0.0019230743495546676,0.6935 ± 0.0019,0.7793997121579371,0.0014876636597821948,0.7794 ± 0.0015,0.003663380940755167,0.004448456011552742,0.004 ± 0.004,0.374022642771403,0.011160906318630958,0.374 ± 0.011,1.0,0.0,1.000 ± 0.000,0.0,0.0,0.0000 ± 0.0000
PATRIC,XGB,Influence Reweighting,0.6935301968635302,0.0019230743495546676,0.6935 ± 0.0019,0.7793997121579371,0.0014876636597821948,0.7794 ± 0.0015,0.003663380940755167,0.004448456011552742,0.004 ± 0.004,0.4019755522410075,0.005607292163369089,0.402 ± 0.006,0.9308305186904215,0.03564609898076301,0.931 ± 0.036,0.0,0.0,0.0000 ± 0.0000
PATRIC,XGB,Label-Flip Retraining,0.6944277610944277,0.0013330069744137473,0.6944 ± 0.0013,0.7795899358818277,0.0012546945846011028,0.7796 ± 0.0013,0.004027396440505933,0.005091466299116601,0.004 ± 0.005,0.36472193400065106,0.02359375508105837,0.365 ± 0.024,1.0287377643587658,0.05603767136340161,1.029 ± 0.056,-0.0008975642308975671,0.0007572550335423744,-0.0009 ± 0.0008
PATRIC,XGB,SISA,0.6940173506840174,0.0012989463903785273,0.6940 ± 0.0013,0.7782851806761716,0.001032979910008583,0.7783 ± 0.0010,0.004369566837946533,0.005014364657064398,0.004 ± 0.005,0.08818459510803217,0.003413067948839376,0.088 ± 0.003,4.25043943195747,0.2606321280052833,4.250 ± 0.261,-0.00048715382048716664,0.0012622759775507725,-0.0005 ± 0.0013
